2025-09-22_17-04-27,None,draft.py:2025-09-22_17-04-27
2025-09-22_17-04-27,None,draft.py:2025-09-22_17-04-27
2025-09-22_17-04-28,None,draft.py:2025-09-22_17-04-28
2025-09-22_17-04-28,None,draft.py:2025-09-22_17-04-28
2025-09-22_17-10-13,None,draft.py:2025-09-22_17-10-13
2025-09-22_17-13-08,None,draft.py:2025-09-22_17-13-08
2025-09-22_17-13-58,None,draft.py:2025-09-22_17-13-08
2025-09-22_17-14-27,None,draft.py:2025-09-22_17-13-08
2025-09-29_16-39-30,None,draft.py:2025-09-29_16-39-30
2025-10-04_08-39-27,None,draft.py:2025-10-04_08-39-27
2025-10-04_09-16-27,None,draft.py:2025-10-04_09-16-27
2025-10-04_09-16-38,None,draft.py:2025-10-04_09-16-27
2025-10-04_09-18-01,None,draft.py:2025-10-04_09-18-01
2025-10-05_00-39-55,None,draft.py:2025-10-04_09-18-01
2025-10-05_00-40-00,None,draft.py:2025-10-04_09-18-01
2025-10-05_00-40-01,None,draft.py:2025-10-04_09-18-01
2025-10-05_00-40-07,None,draft.py:2025-10-04_09-18-01
